KIC ID,d,r_med_geo,r_lo_geo,r_hi_geo,r_med_photogeo,r_lo_photogeo,r_hi_photogeo,phot_g_mean_mag
892376,0.0001485822574390821,301.2864990234375,270.7925720214844,335.7257385253906,282.79962158203125,264.83819580078125,305.3663635253906,14.003999710083008
1572802,5.443223891921447e-05,295.3374328613281,293.2894592285156,297.012451171875,294.6414489746094,292.8860778808594,296.42718505859375,15.298199653625488
1872885,0.00019926566004442708,324.7429504394531,321.58001708984375,327.5088806152344,324.7810363769531,322.2746887207031,327.4110107421875,15.602499961853027
1873543,0.0002282046865974303,158.93035888671875,157.98023986816406,159.9305877685547,158.88217163085938,158.12246704101562,159.86956787109375,14.422800064086914
2157356,0.0001523541439697703,518.8218383789062,507.74456787109375,526.9715576171875,516.145751953125,506.5801086425781,524.669189453125,15.953200340270996
2283749,0.00010113697661565993,286.35205078125,283.1405944824219,289.945068359375,284.7148132324219,281.6470947265625,287.95648193359375,16.436599731445312
2300039,2.2762285223939725e-05,211.55889892578125,210.35708618164062,212.77041625976562,211.4212188720703,210.44210815429688,212.26638793945312,15.393600463867188
2424688,4.82923354274604e-05,421.28839111328125,415.8935546875,427.514404296875,422.31439208984375,415.9433288574219,428.53277587890625,15.776399612426758
2441562,9.844830707625424e-05,362.8145446777344,359.8304443359375,365.7001953125,361.49755859375,358.8810729980469,364.5386962890625,15.468000411987305
2442004,2.4872668784961525e-05,417.1619567871094,411.36590576171875,422.149658203125,416.9682922363281,412.580810546875,421.10614013671875,15.85789966583252
2555396,6.039094977335379e-05,193.05494689941406,192.0909881591797,193.8209228515625,193.34622192382812,192.31521606445312,194.5676727294922,15.67870044708252
2557669,6.427195251063078e-05,268.0648498535156,266.7416687011719,269.1596984863281,268.00799560546875,266.82470703125,269.06903076171875,14.767499923706055
2570846,3.4870199765460084e-05,255.6075439453125,254.2203369140625,257.2233581542969,255.56607055664062,254.3180694580078,256.98065185546875,15.312600135803223
2577743,0.00019674624237076447,70.27565002441406,70.09791564941406,70.44514465332031,70.25135803222656,70.09855651855469,70.39277648925781,13.974699974060059
2713086,1.0479157755314436e-05,272.1632385253906,270.50408935546875,274.354736328125,272.50537109375,270.8569641113281,274.0091552734375,14.936800003051758
2832720,7.403265976735548e-05,156.10916137695312,154.70132446289062,157.37924194335938,0.0,0.0,0.0,15.964099884033203
2834564,0.00023111864781728985,122.46257781982422,122.24614715576172,122.7055435180664,122.39613342285156,122.17027282714844,122.6257553100586,14.453399658203125
2834612,5.4618794032258365e-05,259.6442565917969,257.33526611328125,261.0838623046875,259.7862548828125,258.4853515625,261.1745910644531,15.464500427246094
2834637,0.00022926986368655003,123.60870361328125,123.21399688720703,123.96800231933594,123.536865234375,123.1550521850586,123.91806030273438,15.506400108337402
2992668,6.618708555183816e-05,131.62033081054688,130.09654235839844,133.40284729003906,131.981201171875,130.20957946777344,133.5707550048828,14.209600448608398
3102763,6.838283387034854e-05,344.90509033203125,341.6881103515625,347.755615234375,344.29541015625,340.9798278808594,347.432861328125,15.81719970703125
3109825,8.488432318145247e-05,135.9381561279297,135.62197875976562,136.21511840820312,135.8876190185547,135.66249084472656,136.0950927734375,14.204099655151367
3130391,0.00017148146393980492,588.6197509765625,577.4749755859375,600.3533325195312,563.83740234375,557.5208129882812,569.1639404296875,16.125900268554688
3216700,2.1437709654246278e-05,556.8290405273438,548.1699829101562,565.9337158203125,547.6356811523438,541.3909912109375,553.351806640625,15.728899955749512
3335194,2.4536499336173335e-05,369.2438049316406,365.8902282714844,372.7815856933594,369.9925231933594,366.4581604003906,373.2960510253906,15.704400062561035
3442034,8.296913352820322e-05,135.1798858642578,134.9503936767578,135.49237060546875,135.20294189453125,134.871337890625,135.56300354003906,14.13070011138916
3444822,0.0001577363881224352,175.59307861328125,174.93173217773438,176.3856964111328,175.64122009277344,174.9685516357422,176.18911743164062,15.517999649047852
3449953,3.563637902329059e-05,78.3912124633789,78.33028411865234,78.46974182128906,78.40372467041016,78.32109832763672,78.48548126220703,13.398799896240234
3454793,5.635551001298112e-05,174.52117919921875,160.8692626953125,190.86074829101562,177.7303009033203,165.46885681152344,192.7076416015625,16.06060028076172
3525783,2.8916153849281763e-05,377.9989318847656,372.73040771484375,382.02423095703125,378.2580871582031,374.2352600097656,382.6712951660156,15.90719985961914
3631048,2.9036640993946965e-05,350.833740234375,347.77874755859375,354.80291748046875,349.0301208496094,345.707275390625,352.0948791503906,15.793000221252441
3640527,5.113116112809083e-05,131.7244415283203,131.44358825683594,132.0257110595703,131.8456268310547,131.48443603515625,132.2406768798828,15.022500038146973
3646734,9.947377324101008e-05,213.7841796875,211.64682006835938,215.9488983154297,213.38381958007812,211.34323120117188,215.24964904785156,14.910499572753906
3733753,3.939631206579524e-05,234.4091796875,227.83935546875,241.3553009033203,237.40383911132812,231.9448699951172,244.52052307128906,15.311100006103516
3748172,5.471023302863296e-05,344.5068359375,340.9453125,348.2235412597656,342.0342712402344,338.5442199707031,345.6504211425781,15.649299621582031
3831911,3.2772269497400196e-06,330.17877197265625,325.1460266113281,335.1503601074219,328.0861511230469,323.442626953125,333.3730773925781,14.96399974822998
3934090,4.4638039010031135e-05,237.79318237304688,236.7318878173828,238.879638671875,238.0252227783203,236.9336700439453,239.13131713867188,14.913900375366211
3935499,3.201622720570815e-05,404.39013671875,389.68743896484375,422.0078430175781,406.6761169433594,394.9407958984375,418.3502197265625,15.301899909973145
3940372,5.74646809473581e-05,191.4895782470703,190.1296844482422,192.8164520263672,191.42425537109375,190.03933715820312,192.62330627441406,15.842000007629395
4067894,5.188970154306376e-06,257.3286437988281,255.3726043701172,259.4451599121094,256.26129150390625,254.25537109375,257.9997253417969,15.930299758911133
4074068,6.733132598721179e-05,218.48739624023438,217.22886657714844,219.76576232910156,218.38108825683594,216.9557342529297,219.7411651611328,15.54520034790039
4077867,7.770341967218445e-06,348.9759216308594,340.94720458984375,357.7388916015625,331.1796569824219,327.8999938964844,333.907470703125,15.7746000289917
4142890,0.0002394396424847101,73.71731567382812,73.65540313720703,73.78567504882812,73.7271499633789,73.6766586303711,73.77848052978516,13.698699951171875
4175707,2.938004986688729e-05,333.58917236328125,330.27166748046875,337.15716552734375,333.81005859375,330.38043212890625,336.3980712890625,14.901300430297852
4242514,0.00016498301288916072,171.92080688476562,171.18356323242188,172.5254669189453,172.0247039794922,171.2899627685547,172.73602294921875,15.614899635314941
4264634,8.585870645356495e-05,298.214599609375,287.3445739746094,307.376953125,294.4945983886719,285.39404296875,304.4083251953125,14.851099967956543
4275230,0.0001460854662494521,288.38427734375,286.2490539550781,290.90008544921875,288.9273681640625,286.8946838378906,290.87005615234375,15.345600128173828
4355503,0.00015594347768565023,213.57713317871094,212.70382690429688,214.26382446289062,213.31951904296875,212.4378204345703,214.06419372558594,15.050800323486328
4357520,0.00018114868599837156,184.35682678222656,183.7977752685547,185.04315185546875,184.3389129638672,183.634765625,184.9839630126953,15.02560043334961
4383248,2.7386239975595746e-05,207.96847534179688,206.9751434326172,208.98678588867188,208.0127716064453,206.99462890625,208.9033660888672,15.254599571228027
4544623,0.00014553464798767391,347.512939453125,344.15301513671875,351.47613525390625,348.28460693359375,344.4179382324219,351.5938720703125,16.045700073242188
4660255,3.582676355638575e-05,650.5138549804688,444.8260803222656,1475.1787109375,377.91455078125,350.13421630859375,423.08575439453125,15.862600326538086
4662431,2.0580855329442936e-05,287.72711181640625,285.07330322265625,290.4969482421875,287.2074279785156,285.325439453125,290.39544677734375,15.937100410461426
4726192,2.950067235004658e-05,345.08856201171875,343.3736267089844,346.8679504394531,344.9317626953125,343.1767578125,346.9071960449219,14.699899673461914
4731525,0.00021879731311263837,73.91227722167969,73.8428955078125,73.97013092041016,73.8871078491211,73.82279968261719,73.94319915771484,14.005399703979492
4741455,5.969699377814707e-05,487.9980163574219,481.00762939453125,493.7098083496094,486.7795715332031,481.6973571777344,491.7580871582031,15.051600456237793
4814229,1.7994475421865727e-06,346.2142639160156,343.7320861816406,349.0950927734375,345.54168701171875,342.06884765625,348.25238037109375,15.746000289916992
4819766,6.889649750292204e-05,320.0036926269531,257.2548522949219,399.3658447265625,332.1479797363281,295.14849853515625,374.8782653808594,16.222000122070312
4844804,4.137744417593194e-05,386.1239929199219,344.7477722167969,426.0543212890625,400.05145263671875,371.47430419921875,432.506591796875,15.774999618530273
4953358,0.00011548261405210984,334.7342224121094,330.39971923828125,338.30828857421875,333.58343505859375,330.8572692871094,336.67230224609375,15.448100090026855
4997179,0.00025529073844928407,154.95870971679688,154.32130432128906,155.55844116210938,154.9220428466797,154.0810546875,155.79440307617188,15.285200119018555
5016904,0.00023797955438132696,119.78596496582031,119.4306869506836,120.04259490966797,119.65811157226562,119.37385559082031,119.9588851928711,15.174200057983398
5041192,8.09403581875239e-05,2475.288330078125,1267.7828369140625,4126.40771484375,439.7785949707031,399.8536682128906,482.8848571777344,16.192800521850586
5083330,9.598667670145366e-05,363.1370544433594,357.4873962402344,369.4071044921875,361.6205139160156,354.3231506347656,368.4427185058594,15.872900009155273
5095098,2.9462638530307578e-05,276.93121337890625,275.2835388183594,279.0578918457031,277.4858093261719,275.46673583984375,279.4859313964844,15.069000244140625
5252367,0.00021251234190025012,61.79283905029297,61.73698043823242,61.85249710083008,61.80799865722656,61.730323791503906,61.893898010253906,14.383600234985352
5262561,1.4565296944060971e-05,355.99066162109375,350.4257507324219,361.20904541015625,357.7511901855469,353.14141845703125,362.4564514160156,15.282999992370605
5288534,4.060723939601316e-05,476.567138671875,470.8459167480469,481.8756103515625,469.2038879394531,464.5880432128906,473.0325012207031,15.49779987335205
5360129,2.7401820521996604e-05,358.12359619140625,354.3253173828125,362.0316162109375,357.65069580078125,353.88446044921875,361.6147766113281,15.82129955291748
5428088,6.1029542405435116e-05,343.8499450683594,336.8925476074219,350.0559997558594,324.1374206542969,318.4661865234375,342.08514404296875,15.405599594116211
5435923,4.905088746516267e-05,233.657470703125,222.37509155273438,246.14659118652344,230.19277954101562,220.9597930908203,241.5874481201172,15.475299835205078
5437459,3.331330289846928e-05,314.8322448730469,311.9148254394531,317.10491943359375,314.38140869140625,311.6108703613281,317.4471740722656,15.225899696350098
5516671,3.657330979058308e-05,431.79864501953125,404.88214111328125,466.6524353027344,437.1213073730469,416.0492248535156,460.8441162109375,15.50790023803711
5597604,7.754932397439896e-05,50.74785232543945,50.72023391723633,50.769344329833984,50.744815826416016,50.71607208251953,50.76909637451172,11.9798002243042
5603484,0.00011469081613882745,108.19905853271484,107.95916748046875,108.44487762451172,108.33116149902344,108.03633880615234,108.58721160888672,15.356900215148926
5607395,5.304165884438697e-05,379.7200927734375,376.94268798828125,383.5290832519531,380.3298645019531,377.46820068359375,383.29046630859375,15.599100112915039
5608002,6.56338654598011e-05,193.70350646972656,188.41302490234375,199.13278198242188,191.78469848632812,186.46678161621094,197.13104248046875,15.871999740600586
5621528,2.376072197997792e-05,303.38568115234375,300.21832275390625,307.00897216796875,303.62298583984375,300.58843994140625,306.9517517089844,15.969499588012695
5649085,7.946070992550653e-05,124.40638732910156,123.8448257446289,124.88709259033203,124.4247817993164,123.9906997680664,124.8340835571289,15.864500045776367
5685704,3.7034604402867136e-05,310.6755676269531,302.6939392089844,319.9666442871094,290.3790588378906,285.93170166015625,293.47528076171875,14.693099975585938
5709193,2.0676211973780352e-05,284.0191955566406,281.73223876953125,286.2607116699219,284.5626220703125,282.69097900390625,286.3447570800781,15.458000183105469
5739251,0.00014028128105511423,149.86685180664062,148.00926208496094,151.90713500976562,149.40719604492188,147.55262756347656,151.70936584472656,14.022600173950195
5785806,1.534666464253817e-05,446.0115966796875,441.3543395996094,450.2826843261719,442.9556884765625,438.86767578125,448.0414733886719,15.647299766540527
5791720,3.7849354214645086e-05,70.49684143066406,70.41332244873047,70.57691955566406,70.54095458984375,70.47480010986328,70.60162353515625,14.024299621582031
5855096,2.9737270450743333e-05,343.93267822265625,329.9088439941406,359.0535888671875,341.58599853515625,329.43792724609375,354.06195068359375,15.085800170898438
5855808,0.00012449120645694422,145.66278076171875,145.36444091796875,146.03709411621094,145.68911743164062,145.34573364257812,146.03131103515625,14.470600128173828
5855851,0.00015776715459197367,78.02222442626953,77.94267272949219,78.13398742675781,78.01820373535156,77.91769409179688,78.11187744140625,14.427900314331055
5858361,0.00021717502005615878,108.92032623291016,108.69487762451172,109.07345581054688,108.95272064208984,108.7653579711914,109.10819244384766,14.203499794006348
5859365,4.756746334326287e-05,258.1650695800781,256.7433776855469,259.94683837890625,257.8728942871094,256.1589050292969,259.30816650390625,15.67870044708252
5867742,0.00011510417567444961,251.61703491210938,249.36508178710938,254.07472229003906,250.66925048828125,248.59848022460938,252.3893585205078,15.770600318908691
5904275,0.00010407433852029499,168.6344451904297,167.7746124267578,169.24363708496094,168.69390869140625,168.05775451660156,169.37039184570312,15.62279987335205
5941226,5.4269342650471566e-05,409.02508544921875,398.93060302734375,417.2873840332031,400.4720764160156,378.3406677246094,416.5126037597656,15.738200187683105
5942891,6.080849069725635e-05,195.65599060058594,194.94357299804688,196.22976684570312,195.52957153320312,194.9669952392578,196.13839721679688,14.517800331115723
5962956,1.0927376538813706e-05,199.8081817626953,198.8443145751953,200.67564392089844,200.01333618164062,199.28839111328125,200.86441040039062,15.035300254821777
5966921,1.3281889877783542e-05,219.641845703125,217.6820831298828,221.4300537109375,219.91195678710938,218.005859375,221.8990936279297,14.510299682617188
6029053,3.5787679007117095e-05,433.7980651855469,410.67144775390625,460.39349365234375,425.0724182128906,402.4478454589844,448.9454650878906,15.777899742126465
6037009,0.00010875858665538611,133.51300048828125,132.9490203857422,134.06002807617188,133.36572265625,132.89808654785156,133.83322143554688,15.885299682617188
6038882,2.9961402910090125e-05,227.74447631835938,226.92111206054688,228.9069061279297,227.9170684814453,227.02706909179688,228.7181396484375,14.562299728393555
6060845,2.627482230599089e-05,320.8560791015625,317.93304443359375,323.96990966796875,320.1197509765625,317.7454833984375,322.5088806152344,15.60099983215332
6102338,7.913256416044434e-05,303.3343200683594,301.04241943359375,305.76678466796875,303.9630126953125,301.9713134765625,306.3482360839844,15.32509994506836
6117832,2.4696590408602693e-05,367.2984924316406,363.74908447265625,370.9454040527344,366.6146545410156,363.3993835449219,370.3128967285156,15.944600105285645
6129451,1.551608941984361e-05,224.27565002441406,223.23963928222656,225.24192810058594,223.91232299804688,221.8666229248047,225.2773895263672,14.856100082397461
6183736,0.00016438567851548386,136.76258850097656,136.0118865966797,137.48997497558594,136.7581787109375,135.98641967773438,137.50901794433594,16.431900024414062
6186082,1.9675138853020286e-05,330.4434509277344,326.9432067871094,333.8453063964844,328.3912353515625,326.4313049316406,330.54791259765625,15.694700241088867
6187812,3.420603307169363e-05,267.9710693359375,264.2964782714844,271.90753173828125,270.4656677246094,267.6195983886719,273.1080017089844,15.914600372314453
6187942,7.874094561997587e-05,151.984130859375,150.81393432617188,153.16209411621094,151.74012756347656,150.59608459472656,153.0587158203125,15.068099975585938
6224062,6.923217682503601e-05,152.4393310546875,152.02784729003906,152.8321075439453,152.44534301757812,152.02040100097656,152.74850463867188,14.431500434875488
6290811,8.352575979159772e-05,367.45416259765625,363.3330383300781,372.00054931640625,367.90557861328125,364.1329345703125,373.31854248046875,15.389200210571289
6310265,2.775635806420173e-05,308.74627685546875,305.312744140625,311.9654541015625,307.1722106933594,304.7447509765625,310.44189453125,15.809399604797363
6356144,1.5807039454192212e-05,250.4603271484375,249.34722900390625,251.45091247558594,250.6832275390625,249.57138061523438,251.7196807861328,14.741700172424316
6366330,4.101779579176989e-05,654.2734985351562,540.6771240234375,805.962158203125,398.15911865234375,364.2450866699219,425.21026611328125,16.08530044555664
6370174,1.2117857811600106e-05,279.68927001953125,276.7098388671875,283.4520568847656,279.91888427734375,276.4957580566406,283.54583740234375,15.57960033416748
6389733,0.00014076647386307575,154.33389282226562,153.77542114257812,154.9087371826172,154.23529052734375,153.7907257080078,154.7480926513672,15.264399528503418
6425928,2.0265657197702535e-05,349.4356689453125,342.1197204589844,356.9669494628906,349.46270751953125,340.7439880371094,356.2982177734375,14.50979995727539
6425989,1.6886985572142975e-05,252.7156524658203,251.20156860351562,254.0487823486328,252.68994140625,251.16961669921875,254.12278747558594,15.631099700927734
6460812,0.00027473494148266364,149.21998596191406,148.3258819580078,150.2658233642578,149.30691528320312,148.13314819335938,150.4659881591797,15.597299575805664
6503104,8.544708301754662e-05,213.667724609375,211.57525634765625,215.87576293945312,211.8165740966797,209.04335021972656,214.7049560546875,15.358799934387207
6507888,0.00011660995797668899,519.744384765625,509.09991455078125,528.419189453125,525.3126831054688,517.9296875,532.10498046875,15.257399559020996
6521526,7.124512720899865e-05,211.77975463867188,210.196044921875,213.17616271972656,211.7992401123047,210.14158630371094,213.85206604003906,15.100199699401855
6530792,0.00015722289027589803,296.8561706542969,294.5334167480469,299.3482666015625,293.5945129394531,291.8990173339844,296.0655517578125,15.9576997756958
6548898,0.00014209866524816605,209.140869140625,206.9149932861328,211.40386962890625,208.27525329589844,206.07754516601562,211.18898010253906,14.751299858093262
6550017,0.00012489492463215143,166.08486938476562,165.48770141601562,166.9168701171875,166.6929168701172,165.91554260253906,167.4452362060547,15.746199607849121
6600771,0.00027040109712571494,297.5876159667969,295.3377990722656,299.64581298828125,296.90673828125,295.07220458984375,299.152099609375,15.599599838256836
6607660,0.0002005183020413563,150.959716796875,150.3641357421875,151.69580078125,151.1068878173828,150.48097229003906,151.78456115722656,15.600099563598633
6609906,8.739465207908465e-05,259.39923095703125,254.92942810058594,266.05181884765625,259.8254699707031,253.97398376464844,265.1529235839844,15.343799591064453
6610837,0.00014499335066594195,218.50343322753906,214.03521728515625,222.65614318847656,209.82009887695312,207.21070861816406,217.61561584472656,15.211000442504883
6664639,2.1684587027020314e-05,503.0868225097656,493.74981689453125,514.6838989257812,480.3283996582031,474.3360290527344,484.8642578125,16.503999710083008
6668646,3.5820144601339196e-05,198.45684814453125,197.6060028076172,199.08802795410156,198.32237243652344,197.5243377685547,199.0867156982422,15.166000366210938
6669028,0.0001978988828384614,293.0687255859375,291.4737243652344,294.5632629394531,292.85205078125,291.3652038574219,294.7070007324219,15.155099868774414
6672948,3.74806501469e-05,334.4336242675781,330.0038146972656,338.6652526855469,325.3005065917969,323.1617431640625,327.12567138671875,16.39310073852539
6693042,7.927000278215945e-05,127.39351654052734,126.8602294921875,127.9349594116211,127.2323989868164,126.76923370361328,127.75774383544922,14.96780014038086
6720765,0.0002594462291165695,114.69255065917969,114.44811248779297,114.96658325195312,114.71501922607422,114.36870574951172,115.0132064819336,15.039999961853027
6763067,4.437199356331613e-05,281.3582458496094,279.2272033691406,283.3077697753906,279.8125915527344,278.00897216796875,281.88751220703125,15.651300430297852
6766663,3.5363553303000944e-05,215.63128662109375,214.7494354248047,216.8884735107422,214.66819763183594,212.3652801513672,216.0497283935547,13.84689998626709
6783369,9.141186561527802e-05,118.962158203125,118.73390197753906,119.2182388305664,118.95459747314453,118.69953155517578,119.16511535644531,14.464900016784668
6846570,0.00012633955420145737,252.05123901367188,250.91921997070312,253.02354431152344,251.83204650878906,250.73081970214844,252.65982055664062,14.582500457763672
6863726,6.141172224780064e-05,146.4779815673828,144.87364196777344,148.18609619140625,nan,nan,nan,16.603300094604492
6864295,4.884075808021477e-05,482.615478515625,472.94232177734375,490.84014892578125,479.313720703125,471.8397216796875,486.8861083984375,16.39579963684082
6925256,7.772126870848352e-05,131.7740478515625,131.29751586914062,132.1858367919922,131.97337341308594,131.38357543945312,132.48068237304688,15.731300354003906
6928206,0.00012541480792050205,211.52679443359375,201.7083740234375,222.74522399902344,194.92652893066406,190.68531799316406,197.6304473876953,14.334099769592285
6949326,7.21971548796362e-05,355.9566650390625,338.9249572753906,374.462890625,314.87451171875,306.5270690917969,321.8907470703125,14.714300155639648
6949412,6.022806512910354e-05,268.8269348144531,267.0994873046875,270.67950439453125,268.6864318847656,266.8448486328125,270.6739501953125,15.644000053405762
7018323,5.807077616793346e-05,384.2535705566406,381.5672302246094,387.59326171875,384.0687561035156,380.9237365722656,387.3924865722656,15.247599601745605
7033830,3.614065607082527e-05,194.703125,193.78834533691406,195.77041625976562,194.76885986328125,193.8318328857422,195.63571166992188,15.4443998336792
7100573,7.460794492111657e-05,205.86090087890625,204.56394958496094,207.75161743164062,205.534912109375,204.17599487304688,207.06504821777344,16.20789909362793
7117293,1.1306702841729855e-05,176.56640625,175.85968017578125,177.13507080078125,176.27198791503906,175.4801788330078,176.9556427001953,15.166399955749512
7123500,2.384234766832763e-05,250.85446166992188,248.9188690185547,253.19674682617188,250.50125122070312,248.15960693359375,252.4581298828125,15.564200401306152
7131515,2.777880703640062e-05,272.1202087402344,270.42010498046875,274.1029968261719,272.0282897949219,270.17755126953125,273.7481994628906,15.468400001525879
7190459,0.00015687834070748607,300.3678894042969,296.70635986328125,304.3900146484375,299.4345397949219,296.0747985839844,303.9599304199219,15.750100135803223
7191311,5.577901536088509e-05,213.9351806640625,213.3103485107422,214.6331329345703,214.0179443359375,213.32156372070312,214.6505584716797,14.500499725341797
7192199,3.238722459231082e-05,564.2266235351562,555.9197998046875,573.1500854492188,556.6426391601562,548.1320190429688,564.2093505859375,15.741399765014648
7280953,0.0002618424608355937,94.60765838623047,94.46591186523438,94.75878143310547,94.59359741210938,94.4334945678711,94.71416473388672,12.877099990844727
7283365,9.271663524206106e-05,256.7723388671875,249.4135284423828,263.3607482910156,257.38800048828125,249.6729278564453,264.4158935546875,15.59570026397705
7300322,4.6146191831583545e-05,176.5680389404297,175.83424377441406,177.31451416015625,176.778564453125,175.89599609375,177.6212615966797,15.570199966430664
7341653,0.00012317877099157808,19.208126068115234,19.200145721435547,19.214981079101562,19.21030616760254,19.20347023010254,19.216623306274414,12.83329963684082
7350067,6.849807345914974e-05,127.57735443115234,127.22160339355469,127.9703369140625,127.42645263671875,127.07459259033203,127.73818969726562,15.633000373840332
7381727,0.00013869369494864294,352.54119873046875,349.65716552734375,355.1308288574219,352.9573974609375,349.6695861816406,356.2847595214844,15.469300270080566
7422811,0.00023975243626126472,352.1108093261719,348.7817077636719,355.0210266113281,351.18170166015625,348.1292724609375,355.5588073730469,15.686200141906738
7431659,0.00011187958041169867,443.8589782714844,437.49072265625,451.4614562988281,445.5039978027344,439.29931640625,452.81549072265625,16.1924991607666
7434110,3.23711082943737e-05,206.51104736328125,201.02984619140625,211.4629669189453,208.84840393066406,203.46475219726562,213.66737365722656,15.938599586486816
7445605,7.054204978556024e-05,540.7622680664062,532.3910522460938,547.3722534179688,523.5706176757812,518.4872436523438,545.1937866210938,15.738300323486328
7448057,2.0398011053896788e-05,344.6238708496094,341.0946960449219,347.7983093261719,343.95428466796875,340.1980895996094,347.966064453125,15.764699935913086
7449695,3.5178599503068e-05,373.5402526855469,360.2350769042969,388.31146240234375,377.8613586425781,363.855224609375,393.8885803222656,15.957900047302246
7505644,7.904485509244827e-06,283.851806640625,281.3623046875,286.9846496582031,282.091796875,278.8162841796875,285.1164855957031,16.054500579833984
7509281,3.872721317746504e-05,253.31494140625,251.32675170898438,255.29176330566406,253.381591796875,251.6510009765625,255.03492736816406,15.920599937438965
7534455,3.7789403652894753e-05,220.16697692871094,218.96875,221.19540405273438,220.22311401367188,219.00717163085938,221.23716735839844,15.213899612426758
7547969,0.0001894731513554734,403.720947265625,399.8205871582031,407.7611083984375,401.3955383300781,397.5993957519531,404.8876037597656,15.747200012207031
7592133,0.00023544143760866946,95.35118865966797,95.1568374633789,95.54312133789062,95.31690979003906,95.15553283691406,95.47998046875,14.833800315856934
7592990,0.00011316968693027223,564.8596801757812,550.1220703125,584.8617553710938,nan,nan,nan,16.69029998779297
7661403,0.00021448366466434818,152.89096069335938,151.9359130859375,153.8367462158203,153.16184997558594,152.30801391601562,153.90823364257812,16.222900390625
7670700,0.0002485205865167729,154.0946807861328,153.5151824951172,154.7006378173828,154.15060424804688,153.6923828125,154.65518188476562,15.143099784851074
7671030,0.00019968601568122037,181.71142578125,180.8411407470703,182.4840087890625,181.4894561767578,180.83502197265625,182.32945251464844,15.66409969329834
7678417,6.668565366442782e-05,122.85711669921875,121.92053985595703,123.78409576416016,122.57574462890625,121.84835052490234,123.37250518798828,15.085800170898438
7686474,7.921044019952758e-05,324.44287109375,321.4375,327.51861572265625,324.8338317871094,321.6715087890625,328.7774658203125,15.479100227355957
7740983,8.372814003290578e-05,556.7764282226562,464.6556701660156,674.055419921875,511.8995056152344,388.8137512207031,666.5516967773438,14.970600128173828
7741987,0.00024067503173729425,132.3668975830078,127.45246124267578,137.5296173095703,0.0,0.0,0.0,19.58329963684082
7742097,0.000153660550342893,386.2640686035156,382.9591064453125,390.4757995605469,387.07049560546875,383.6799621582031,390.8470153808594,15.854700088500977
7743830,2.5913083198579104e-06,318.4612731933594,313.1916809082031,323.4336853027344,317.6980895996094,313.21551513671875,322.00933837890625,15.313899993896484
7751342,4.8682201564331665e-05,455.5670166015625,446.49871826171875,464.53240966796875,459.33538818359375,449.3780212402344,471.03814697265625,15.591899871826172
7800087,0.0001059978305739425,150.86485290527344,150.50209045410156,151.21006774902344,150.96652221679688,150.71963500976562,151.24635314941406,14.408100128173828
7809755,2.5735689072992795e-05,437.7880554199219,433.1336669921875,441.8969421386719,436.8861389160156,431.08349609375,442.177978515625,15.725299835205078
7830341,0.00011841757564525777,319.4920654296875,314.3447570800781,325.1123046875,318.9143981933594,313.2679443359375,324.1803894042969,14.90310001373291
7847566,0.000146160736662187,119.94386291503906,119.63066101074219,120.27672576904297,119.9297866821289,119.66484069824219,120.25901794433594,15.155500411987305
7849619,1.6755592662950534e-05,447.3495788574219,443.16827392578125,451.9241638183594,447.6474609375,442.115966796875,452.2214050292969,15.60420036315918
7871438,0.00021184478409680936,172.44105529785156,172.11224365234375,172.79759216308594,172.3317108154297,171.9572296142578,172.6842498779297,13.973600387573242
7877209,7.780948645377773e-05,342.0964050292969,336.1463623046875,349.61810302734375,nan,nan,nan,16.45199966430664
7889173,7.290253290129866e-05,418.4841003417969,414.3333740234375,423.5809020996094,417.3502502441406,412.34515380859375,421.64471435546875,15.528400421142578
7898781,7.449298971024218e-05,194.1988983154297,192.8118438720703,196.06044006347656,194.54757690429688,192.7838134765625,196.52879333496094,15.415399551391602
7938615,0.00011389291971204278,252.99705505371094,247.20753479003906,257.81768798828125,nan,nan,nan,16.26930046081543
7939565,0.00011123362276999846,65.27958679199219,65.22920989990234,65.33554077148438,65.30024719238281,65.24125671386719,65.3528823852539,14.181599617004395
7954195,0.0001814226272488274,163.69981384277344,162.89422607421875,164.54591369628906,163.9847412109375,163.32757568359375,164.80270385742188,15.642600059509277
7956465,3.7217917703841324e-05,284.29669189453125,279.70379638671875,287.7667541503906,283.5172424316406,278.5570068359375,287.1159973144531,16.503000259399414
7973675,8.680614954037251e-05,206.09100341796875,198.4900665283203,214.7919464111328,204.76869201660156,197.3979034423828,211.15003967285156,15.106599807739258
7987934,0.00010377099222529184,226.15390014648438,202.95101928710938,250.0647430419922,235.03627014160156,217.99859619140625,257.3771667480469,15.753000259399414
8005405,0.00025391584878892474,175.68858337402344,174.477294921875,176.91043090820312,175.63514709472656,174.53273010253906,176.63006591796875,15.880599975585938
8007234,3.5929872055609597e-05,242.47708129882812,240.23504638671875,244.27706909179688,242.55166625976562,240.89144897460938,244.3610076904297,15.899100303649902
8012943,0.00011880641502558844,213.10964965820312,212.00218200683594,214.35501098632812,213.1595001220703,212.03221130371094,214.3118896484375,15.353699684143066
8075991,7.683378450007862e-05,308.6863708496094,306.2326965332031,311.0636291503906,308.4670715332031,305.6604919433594,311.0072326660156,15.122200012207031
8093473,1.5569412014639314e-05,202.66712951660156,199.3318634033203,206.2567596435547,205.50112915039062,202.2667999267578,209.0611572265625,14.692700386047363
8098228,0.00011473874023004376,342.7044372558594,322.83184814453125,363.53564453125,334.0238952636719,320.33203125,347.674560546875,15.774700164794922
8149616,0.00010628610439178778,128.6783447265625,120.1029281616211,139.29083251953125,125.46728515625,117.15801239013672,132.87158203125,15.229999542236328
8149782,0.00021432112511865733,488.6757507324219,470.3055419921875,513.8238525390625,474.5359191894531,453.99871826171875,492.3220520019531,15.738900184631348
8150479,6.315015154777386e-05,195.658935546875,192.5148468017578,198.24612426757812,195.7519989013672,192.59136962890625,198.56985473632812,15.73639965057373
8196449,6.686637284371371e-05,112.0212631225586,111.84181213378906,112.1678695678711,111.9574203491211,111.79169464111328,112.16641998291016,14.303600311279297
8210323,9.933544041809538e-05,185.45382690429688,184.86825561523438,186.0917205810547,185.475341796875,184.66868591308594,186.140380859375,14.688899993896484
8233795,5.336955869649494e-05,423.2170104980469,416.8289489746094,431.6610412597656,402.9692687988281,397.7552795410156,428.8270568847656,15.909899711608887
8278444,0.00011968147855564815,326.8822021484375,323.4839782714844,330.31634521484375,327.87603759765625,324.576171875,331.34234619140625,15.737799644470215
8289460,0.0001430639571680675,281.6103820800781,278.0630187988281,284.9947814941406,281.6728515625,278.7299499511719,284.8235778808594,16.499900817871094
8292758,4.859086850909519e-05,302.4884033203125,300.6292419433594,303.94122314453125,302.64404296875,300.7373046875,304.7596435546875,15.066900253295898
8325962,7.19991089328638e-05,309.77093505859375,307.473876953125,311.978759765625,310.09686279296875,307.4215087890625,312.375,14.942999839782715
8343785,5.267029081779848e-05,500.81280517578125,493.240478515625,507.11083984375,493.2186279296875,489.3200988769531,496.9124450683594,15.768799781799316
8373723,4.0179122275188777e-05,161.04931640625,160.57424926757812,161.59059143066406,161.11773681640625,160.4185333251953,161.6597137451172,15.398799896240234
8414250,3.55200346461221e-05,179.40574645996094,177.79759216308594,180.86312866210938,179.19882202148438,177.8321075439453,180.7467041015625,16.256000518798828
8415004,6.16048655128568e-05,313.049072265625,310.6125793457031,315.9709777832031,311.4819641113281,309.17706298828125,314.22076416015625,15.551899909973145
8417053,0.00017736251343021843,378.39251708984375,359.26666259765625,402.5882263183594,383.384765625,360.328125,415.20440673828125,16.482099533081055
8423600,3.0659020086648645e-05,385.5111999511719,380.8970642089844,389.74945068359375,385.490966796875,381.37200927734375,389.550537109375,15.72249984741211
8424002,8.655997671449064e-05,278.48193359375,268.5076904296875,289.51275634765625,270.9991760253906,262.4468078613281,280.8752136230469,13.317099571228027
8454353,0.00014105066325579335,167.95982360839844,167.34010314941406,168.70289611816406,168.04393005371094,167.40948486328125,168.81544494628906,14.91469955444336
8456954,0.00010290730858577732,189.60964965820312,188.3314208984375,190.59744262695312,189.4537811279297,188.68104553222656,190.53036499023438,15.367799758911133
8474897,8.173759707121786e-05,155.14266967773438,154.7566680908203,155.5511932373047,155.16177368164062,154.79513549804688,155.5253448486328,14.584799766540527
8554218,4.669399153158747e-06,347.4283447265625,344.12322998046875,350.8547058105469,348.1163024902344,344.43707275390625,351.9541015625,15.904199600219727
8565204,0.0001398106971281803,205.60464477539062,204.37269592285156,206.61203002929688,205.53465270996094,204.49229431152344,206.56336975097656,15.57610034942627
8572066,2.366253184310764e-05,363.04718017578125,359.3230285644531,367.1150207519531,363.7408752441406,360.533935546875,366.7831115722656,15.699799537658691
8583756,4.729883686346428e-05,286.8043212890625,284.6412353515625,289.41943359375,286.6678771972656,284.6646423339844,288.7286071777344,15.575799942016602
8610368,5.813729970678508e-05,393.49798583984375,390.1055603027344,397.2905578613281,392.750244140625,388.59210205078125,396.7342224121094,15.695199966430664
8611876,8.787407546483426e-05,103.0019302368164,102.79762268066406,103.23149871826172,103.03506469726562,102.8095474243164,103.26319122314453,15.078800201416016
8644565,1.332234300741354e-05,404.2201232910156,399.3876037597656,408.8050537109375,405.5589294433594,399.6223449707031,411.01629638671875,15.927000045776367
8672278,8.343989759879684e-05,476.0700988769531,466.7063293457031,484.68939208984375,473.52093505859375,466.3594665527344,481.09967041015625,15.896200180053711
8673358,5.590529182603924e-05,179.95828247070312,178.94808959960938,181.1312255859375,180.33334350585938,179.40536499023438,181.47694396972656,15.541999816894531
8681527,0.00010048734232375085,458.8812561035156,453.5687255859375,463.81591796875,458.80572509765625,453.6535339355469,463.9034118652344,15.724499702453613
8737443,6.270410714299569e-05,339.015625,301.0455017089844,382.4317626953125,293.5345764160156,267.5585021972656,317.0778503417969,15.990099906921387
8749769,8.543329585107722e-05,173.4553680419922,172.79312133789062,174.29933166503906,173.45396423339844,172.73899841308594,174.2685089111328,15.472700119018555
8776565,0.0002452625561074631,249.0430908203125,247.8700714111328,250.706787109375,248.46966552734375,247.0418243408203,250.18756103515625,15.235199928283691
8803071,0.00022266625304367542,226.3277130126953,224.146484375,227.92323303222656,226.72357177734375,225.2411651611328,228.3057403564453,15.16919994354248
8807085,1.9257691212927528e-05,330.1392822265625,326.8643798828125,333.0420227050781,328.9853210449219,326.45526123046875,331.41876220703125,15.758299827575684
8814775,0.00010195742014233686,171.9242401123047,171.29443359375,172.73497009277344,171.81625366210938,171.3308868408203,172.47885131835938,14.919899940490723
8832676,9.216738870099662e-05,275.19091796875,273.4411926269531,277.22576904296875,275.65020751953125,273.5032043457031,277.9646301269531,15.401200294494629
8836388,2.9887739846472386e-05,411.2453918457031,400.7143249511719,423.4349365234375,407.8091125488281,399.5613098144531,419.76971435546875,15.53030014038086
8867609,9.041020499431084e-05,369.63519287109375,367.2802734375,372.2883605957031,369.2709045410156,366.1434326171875,372.05462646484375,15.124300003051758
8933532,0.0002184035443774062,152.21627807617188,151.07498168945312,153.6880645751953,152.05380249023438,150.94268798828125,153.02476501464844,13.702899932861328
8935655,5.321676114407265e-05,55.90850067138672,55.867645263671875,55.957847595214844,55.910987854003906,55.87497329711914,55.941829681396484,13.574899673461914
8947255,3.1703883526570066e-05,193.33685302734375,192.5746307373047,194.1271514892578,193.0847930908203,192.4393768310547,194.01638793945312,15.166500091552734
8956025,0.00024300296418455677,139.68849182128906,138.82101440429688,140.45693969726562,139.77407836914062,139.11590576171875,140.4464874267578,16.039600372314453
8977910,0.00023935825101477728,110.8368911743164,110.57279968261719,111.13414001464844,110.83738708496094,110.60725402832031,111.05467987060547,15.048500061035156
9002074,4.2792695651154024e-05,255.2322235107422,253.43896484375,256.9717102050781,255.43716430664062,253.70518493652344,257.3800964355469,15.94729995727539
9017693,0.0001015719259097149,158.06039428710938,157.4807891845703,158.6450653076172,157.8555908203125,157.2910614013672,158.6060791015625,15.63539981842041
9019435,3.6032854525828946e-05,226.5697021484375,225.29978942871094,227.7607421875,226.46104431152344,225.37094116210938,227.7307586669922,15.69279956817627
9022001,0.0001170004583875443,412.1330261230469,395.62799072265625,428.6795959472656,nan,nan,nan,17.17340087890625
9028977,8.06961402719659e-05,130.92105102539062,126.57676696777344,134.53164672851562,130.73629760742188,126.50479125976562,135.68392944335938,15.090900421142578
9077376,0.00011839983019191908,181.15106201171875,180.6553497314453,181.6050567626953,181.10064697265625,180.6392059326172,181.59010314941406,14.113900184631348
9090909,0.00012434450986873512,219.53062438964844,215.52650451660156,223.7203826904297,0.0,0.0,0.0,16.448999404907227
9093763,7.230967541938022e-05,326.61065673828125,314.1172790527344,339.8262634277344,313.6507263183594,291.9405212402344,336.9895935058594,16.023000717163086
9142714,6.162148047973382e-05,256.28436279296875,251.25064086914062,260.3218078613281,255.01148986816406,249.687255859375,259.466064453125,15.669500350952148
9179906,7.587760405382621e-05,266.7614440917969,265.0122375488281,268.2668151855469,266.2968444824219,264.6138610839844,267.7518005371094,15.670499801635742
9205855,2.852003982725464e-05,158.59051513671875,157.7581024169922,159.45608520507812,158.77870178222656,157.95846557617188,159.50912475585938,15.467399597167969
9207124,7.974324984095292e-05,291.0459289550781,273.28216552734375,313.42608642578125,274.3264465332031,259.7012634277344,291.8631591796875,16.321800231933594
9216075,0.0001470653692229774,317.0343017578125,311.62396240234375,322.2018127441406,315.42498779296875,309.2724914550781,321.95428466796875,14.970399856567383
9229798,0.00022212318695439783,114.26397705078125,114.02399444580078,114.5115966796875,114.17729187011719,113.86853790283203,114.47124481201172,14.979599952697754
9267818,1.3365957488476289e-05,248.2802276611328,246.97300720214844,249.2970428466797,248.21163940429688,247.1422576904297,249.26669311523438,14.997300148010254
9327921,6.1949301218791e-05,250.11300659179688,249.03060913085938,251.5465545654297,250.43577575683594,249.28704833984375,251.31201171875,14.92770004272461
9328653,7.867736114313422e-05,180.45896911621094,179.37030029296875,181.7451629638672,180.20811462402344,178.94168090820312,181.55825805664062,16.49839973449707
9335198,2.913980699769282e-05,295.4855651855469,293.2386169433594,297.9195251464844,295.98138427734375,293.19384765625,298.4344787597656,15.651800155639648
9395205,6.667599233915235e-05,294.50604248046875,293.26800537109375,295.8998107910156,293.9087219238281,291.8739318847656,295.5981140136719,14.747099876403809
9407581,0.0002310996996623565,264.6199951171875,263.0130920410156,266.5123291015625,265.38055419921875,263.4544677734375,266.812744140625,15.481100082397461
9425635,0.0001352099712202744,206.61090087890625,205.87869262695312,207.56808471679688,206.55101013183594,205.70579528808594,207.39260864257812,14.984600067138672
9426508,0.0002139556922863334,92.13941955566406,91.95210266113281,92.35433959960938,92.11894989013672,91.95221710205078,92.29541015625,15.290599822998047
9428095,8.096308332912252e-05,234.0847625732422,231.57911682128906,236.55355834960938,233.77377319335938,231.21597290039062,236.5205078125,15.894599914550781
9453011,9.85360585569459e-05,99.13082885742188,99.01630401611328,99.26688385009766,99.11518859863281,99.00505065917969,99.22486114501953,13.034600257873535
9474589,0.00017630479262608733,134.80853271484375,134.52117919921875,135.06016540527344,134.76852416992188,134.48704528808594,135.01873779296875,13.632200241088867
9515011,6.613938872243244e-05,356.9125671386719,353.573974609375,360.5144958496094,357.2156677246094,354.1424255371094,360.3269958496094,15.381999969482422
9530511,7.792225581084869e-05,165.28219604492188,164.56101989746094,165.97821044921875,165.2069549560547,164.32518005371094,165.89447021484375,15.623800277709961
9540467,0.00012862764388392572,92.28337097167969,91.96272277832031,92.54480743408203,92.2485122680664,91.97876739501953,92.50190734863281,11.910499572753906
9541573,0.00011925698357485046,154.27093505859375,144.35157775878906,167.58560180664062,151.8824920654297,141.1049346923828,168.0716094970703,15.55840015411377
9581885,8.226208658588255e-05,194.590576171875,193.8976593017578,195.30184936523438,194.61813354492188,193.99362182617188,195.3158416748047,15.381600379943848
9588880,8.388968657737256e-05,299.8310852050781,297.9546203613281,301.9354248046875,299.1839904785156,297.6806640625,300.7930603027344,14.65060043334961
9590249,1.9073680832078698e-05,480.1884765625,473.69488525390625,488.6392822265625,479.01312255859375,473.03924560546875,485.2656555175781,15.7677001953125
9593769,0.00011950221004897512,487.7816162109375,479.4544677734375,495.4273376464844,490.4253234863281,480.0398864746094,500.8183288574219,16.60540008544922
9596620,8.1064213065244e-05,375.30291748046875,367.15545654296875,381.962890625,374.073486328125,368.08428955078125,381.25042724609375,15.427300453186035
9631366,0.0001472721983675202,186.43634033203125,185.51646423339844,187.71751403808594,0.0,0.0,0.0,14.971199989318848
9631548,1.6184726574803567e-05,178.69947814941406,177.9091796875,179.597412109375,178.29603576660156,177.48388671875,179.33233642578125,15.480799674987793
9640417,0.00012860547523707607,266.0821228027344,263.35113525390625,269.0440979003906,265.5164489746094,262.5359802246094,269.0110168457031,16.50079917907715
9643210,0.00012691792190309563,105.72029113769531,105.45503997802734,105.98209381103516,105.68792724609375,105.43424987792969,105.91619873046875,15.533699989318848
9659036,4.6237029787384146e-05,464.33203125,457.82305908203125,472.0848388671875,464.902099609375,456.9085388183594,472.6001892089844,15.224300384521484
9692206,9.803525097648321e-05,185.50054931640625,184.93661499023438,186.1517791748047,185.50045776367188,184.9954376220703,185.98069763183594,14.860899925231934
9704431,4.969163122993424e-05,197.83070373535156,196.9958953857422,198.8948211669922,197.8429412841797,196.7679901123047,198.7183380126953,15.688799858093262
9705079,0.00020363763310655639,111.77010345458984,110.93192291259766,112.72433471679688,111.957763671875,110.73005676269531,113.03153991699219,15.149800300598145
9713196,0.00015357820975177072,209.84678649902344,206.39756774902344,213.9736785888672,209.94847106933594,206.9293212890625,213.60552978515625,16.038999557495117
9715460,5.971616564293352e-05,160.01950073242188,158.9172821044922,160.98841857910156,159.46405029296875,158.50515747070312,160.5068359375,16.49489974975586
9786877,4.637143359601516e-06,266.26531982421875,264.4215087890625,267.96002197265625,265.6134948730469,263.66937255859375,267.7047119140625,15.156800270080566
9790574,0.0002240323935823196,134.38983154296875,134.18038940429688,134.5705108642578,134.43751525878906,134.19857788085938,134.6043243408203,13.222999572753906
9821996,4.422121869329274e-05,196.77996826171875,195.80255126953125,197.96408081054688,196.971923828125,195.73118591308594,198.4959716796875,16.216999053955078
9825598,3.2175734865923866e-05,118.25008392333984,112.27781677246094,125.80144500732422,121.463134765625,113.39290618896484,126.85130310058594,14.369999885559082
9828292,6.383914868351762e-05,255.98463439941406,254.3517608642578,257.3145751953125,255.6595916748047,254.297119140625,257.2981872558594,15.285200119018555
9873729,9.268859175044859e-05,144.4781036376953,141.1735076904297,148.8488311767578,142.55059814453125,139.40919494628906,145.14236450195312,13.530500411987305
9892651,0.00013981734858980536,311.08984375,299.8660583496094,326.9947204589844,309.0878601074219,294.31390380859375,322.386474609375,15.959699630737305
9933464,5.049644179867383e-05,185.88787841796875,185.19700622558594,186.68017578125,185.93780517578125,185.02099609375,186.59446716308594,15.457500457763672
9941718,9.442212478327751e-05,289.9342956542969,287.6155090332031,292.0819091796875,289.6690368652344,287.5193176269531,291.744384765625,15.52910041809082
9945771,1.655975639776439e-05,276.5613708496094,275.4886474609375,277.7787780761719,276.6191711425781,275.38116455078125,278.2572326660156,14.712599754333496
9991488,0.00010437393792210977,82.79759216308594,82.72091674804688,82.92027282714844,82.7880859375,82.7032241821289,82.86408996582031,14.131699562072754
9992786,0.0001703803924023938,69.31912994384766,69.17173767089844,69.437255859375,69.29277801513672,69.18608856201172,69.4103012084961,15.512200355529785
10055337,0.00011613653318546669,323.30694580078125,321.13726806640625,325.26654052734375,322.92291259765625,321.15045166015625,324.9481506347656,14.960800170898438
10065745,0.00010021878990314358,196.79002380371094,195.6531219482422,197.96804809570312,197.2988739013672,196.25119018554688,198.25502014160156,15.785099983215332
10081040,0.00013060257310435638,3746.385986328125,1648.12744140625,6110.806640625,1090.13818359375,441.3699035644531,2054.330322265625,16.146099090576172
10081899,0.00019492419945461514,178.6571044921875,177.87078857421875,179.41905212402344,178.27713012695312,177.5512237548828,179.1394805908203,15.210599899291992
10091786,2.1316397589023574e-05,273.2664794921875,271.0777587890625,275.4168701171875,273.4062194824219,271.3820495605469,275.5929260253906,15.964200019836426
10096977,4.226306608056371e-05,406.5708312988281,401.5948791503906,410.7025146484375,406.9954833984375,403.3269348144531,411.5079040527344,15.744099617004395
10121738,7.603043117452992e-05,304.254638671875,300.2059631347656,308.02691650390625,303.1120300292969,299.7738037109375,306.3757019042969,16.501100540161133
10128760,0.0001284215568910975,298.3565673828125,295.3260498046875,301.68255615234375,298.93798828125,295.5078125,303.1673583984375,15.839500427246094
10131950,0.00021722855510498902,197.5962677001953,192.6781463623047,202.87295532226562,nan,nan,nan,18.510400772094727
10146539,0.00016765659670679636,209.77357482910156,208.86212158203125,210.79345703125,209.94593811035156,209.0399627685547,210.9281005859375,15.183899879455566
10165815,2.989802568391755e-05,516.2059326171875,474.4900207519531,567.8858642578125,528.05322265625,505.72845458984375,560.8402709960938,15.60260009765625
10188460,6.108796743175976e-05,119.67679595947266,115.22747039794922,122.73570251464844,119.34467315673828,116.3694839477539,122.41356658935547,13.540900230407715
10269616,0.00014615255601791273,162.8458251953125,162.426513671875,163.3295135498047,162.832275390625,162.27659606933594,163.4110107421875,15.279800415039062
10285642,0.00016334897836354722,243.5133819580078,241.90023803710938,245.6029510498047,243.3007049560547,241.7711639404297,244.97796630859375,15.759200096130371
10320552,5.7818472083350446e-05,218.43026733398438,217.5784454345703,219.26605224609375,218.376708984375,217.7117919921875,219.10586547851562,14.439299583435059
10320656,0.00013878568825052476,91.65007019042969,91.54071044921875,91.74726104736328,91.63422393798828,91.52899169921875,91.75593566894531,12.907099723815918
10332732,0.00022328542342626908,199.20706176757812,198.20510864257812,200.07278442382812,199.0026397705078,198.17543029785156,200.1307373046875,15.55519962310791
10363074,0.00013040264348625536,268.9010925292969,262.740478515625,274.5177307128906,267.3394470214844,261.53369140625,272.7392883300781,15.299300193786621
10384891,7.390351238151586e-05,398.74920654296875,394.64581298828125,402.6371154785156,395.1266784667969,391.7538757324219,397.9764404296875,15.622599601745605
10388283,0.0001999147957669694,138.92578125,136.19583129882812,142.712646484375,139.94532775878906,137.2541046142578,142.83279418945312,15.135199546813965
10412044,0.00019015546424036564,245.24981689453125,241.4668731689453,248.89675903320312,241.72238159179688,238.24929809570312,245.81881713867188,15.24429988861084
10452840,2.360331789925848e-05,162.5298614501953,161.7985382080078,163.28396606445312,162.44053649902344,161.6236572265625,163.41355895996094,15.907999992370605
10471960,1.7959805702138953e-05,295.3359069824219,293.8299255371094,296.8223876953125,294.7263488769531,292.8907775878906,296.5118713378906,15.380900382995605
10518758,0.00012625742535522935,330.6478271484375,310.5341796875,353.3152770996094,312.38671875,296.7943115234375,327.85577392578125,15.190799713134766
10522057,0.00024967305669474824,211.2747344970703,210.09365844726562,212.4621124267578,211.66207885742188,210.26516723632812,212.9178466796875,15.836400032043457
10525199,4.445750127901909e-05,314.1145935058594,311.24432373046875,316.9426574707031,314.95745849609375,311.9928894042969,317.78350830078125,15.934499740600586
10536761,0.00024104114062276782,144.5623016357422,143.59201049804688,145.8556365966797,144.6114044189453,143.34017944335938,146.13983154296875,14.74839973449707
10548508,8.910251177867792e-05,179.65188598632812,178.10968017578125,181.23460388183594,179.86631774902344,178.41493225097656,181.09658813476562,15.336000442504883
10548640,0.00014414520358995068,145.13043212890625,144.5468292236328,145.6923065185547,145.30238342285156,144.86317443847656,145.88270568847656,15.510100364685059
10553513,0.00012309492117109627,442.7366638183594,425.9234313964844,461.98541259765625,443.9847106933594,431.64306640625,456.578369140625,15.88860034942627
10584063,2.945711189053926e-05,264.1028747558594,258.5638427734375,269.2533264160156,268.62896728515625,261.1893005371094,275.0435791015625,15.638999938964844
10587237,7.100316934802666e-05,355.7623291015625,352.6628723144531,358.46337890625,356.5415954589844,353.6205749511719,360.3416442871094,15.701299667358398
10592027,0.00021186333901522473,1138.226318359375,725.1030883789062,1844.8096923828125,381.9651794433594,343.4521789550781,413.65740966796875,16.61039924621582
10676126,0.00011997091912493807,227.2857208251953,223.6343536376953,230.07028198242188,226.65121459960938,223.7194061279297,229.13229370117188,15.432700157165527
10677397,0.0001497782939770897,277.7528991699219,265.1813049316406,289.6131591796875,261.1384582519531,255.28208923339844,266.8428649902344,15.769800186157227
10709619,6.420152789299211e-05,99.27013397216797,99.11011505126953,99.49920654296875,99.3004150390625,99.11962127685547,99.515625,15.098699569702148
10710753,2.3303446410098778e-05,318.15179443359375,315.3182067871094,320.9435729980469,318.6792907714844,315.7728271484375,322.0845031738281,15.531900405883789
10713157,0.0002692098011878954,108.47223663330078,108.34007263183594,108.57479858398438,108.44873046875,108.32794189453125,108.57386016845703,13.326499938964844
10731839,2.8465409344984324e-05,27.14922523498535,27.114164352416992,27.17478370666504,0.0,0.0,0.0,12.741100311279297
10753072,0.00020348324205225456,190.87196350097656,190.02813720703125,191.9337921142578,190.47291564941406,189.66563415527344,191.1575927734375,15.38759994506836
10784750,0.0002326575391178856,196.04954528808594,195.0630340576172,197.18911743164062,195.8506317138672,194.7791290283203,196.9536590576172,16.016799926757812
10790812,3.774238304519239e-05,475.4416809082031,469.0804443359375,480.43389892578125,474.1104431152344,468.90283203125,479.2796630859375,15.763099670410156
10790838,3.549560219281657e-05,492.3975830078125,466.58355712890625,520.2966918945312,509.8945617675781,497.3260803222656,530.1930541992188,15.885600090026855
10793757,4.108327634239992e-06,181.800048828125,181.17051696777344,182.3484649658203,181.70587158203125,181.0717315673828,182.15838623046875,14.814599990844727
10796551,3.868578724316211e-05,210.4052734375,209.8025665283203,210.99571228027344,210.45323181152344,209.88568115234375,211.15286254882812,14.404000282287598
10800330,4.617935991042368e-05,229.19683837890625,227.1745147705078,231.60000610351562,229.59007263183594,227.0604248046875,232.15682983398438,15.078200340270996
10801273,0.00011977043688403698,37.716182708740234,37.611106872558594,37.859127044677734,37.733402252197266,37.62521743774414,37.885475158691406,10.534500122070312
10857583,2.488315834038778e-05,278.02960205078125,276.78265380859375,279.4172668457031,276.7674865722656,275.6956481933594,277.9506530761719,15.058899879455566
10872868,0.00010985557903244662,170.24026489257812,158.46017456054688,180.801513671875,167.25634765625,158.83567810058594,178.05117797851562,15.202799797058105
10880514,0.00015954744357488866,222.47512817382812,220.3787841796875,224.30345153808594,222.36692810058594,220.41111755371094,224.5186004638672,15.972999572753906
10907400,0.00012988200060084744,99.42657470703125,99.24512481689453,99.6203842163086,99.41594696044922,99.25552368164062,99.59844970703125,14.894000053405762
10907415,0.00014301336065564014,99.5932846069336,99.41416931152344,99.77363586425781,99.56951904296875,99.41105651855469,99.74652099609375,14.628899574279785
10909367,4.001621247978755e-05,220.64205932617188,219.1287078857422,221.98187255859375,219.93411254882812,218.4462890625,221.53665161132812,14.250699996948242
10920281,5.327678336039142e-05,363.5111389160156,360.4414978027344,366.8938293457031,363.6710510253906,360.6600036621094,366.4244689941406,15.466400146484375
10936170,0.00015141196365030726,231.23452758789062,218.55409240722656,251.31797790527344,227.20318603515625,217.87330627441406,236.42564392089844,15.07859992980957
10938188,5.906751614018851e-05,111.68326568603516,111.34712219238281,112.04859161376953,111.78365325927734,111.39087677001953,112.17317962646484,14.36240005493164
10960823,0.00016375840106145907,314.5270690917969,312.1291809082031,317.1781005859375,313.0806579589844,310.970458984375,315.3163757324219,15.699000358581543
10966172,8.553003772862018e-05,188.43447875976562,187.62049865722656,189.548095703125,188.73741149902344,187.39163208007812,190.23802185058594,15.760899543762207
10975238,8.524064325929859e-05,242.36805725097656,241.47366333007812,243.35806274414062,242.01370239257812,240.97113037109375,243.00680541992188,15.067000389099121
10991155,8.265701646041711e-05,239.72509765625,238.06802368164062,241.27174377441406,239.4326629638672,237.57327270507812,241.23463439941406,15.305899620056152
11017875,0.00011234658868173805,438.3919677734375,432.3241882324219,442.95233154296875,435.7482604980469,430.4159240722656,442.0610046386719,15.569999694824219
11025770,0.00013553859068975543,109.87657165527344,109.55155944824219,110.16551971435547,109.86111450195312,109.53543853759766,110.15165710449219,14.570199966430664
11027877,0.00012127416875509181,131.77371215820312,131.36102294921875,132.15611267089844,131.55459594726562,131.02996826171875,132.09063720703125,15.79740047454834
11037498,3.1721560158027625e-05,311.4710693359375,308.0801086425781,315.62744140625,310.66204833984375,306.99591064453125,315.048583984375,14.772700309753418
11042875,6.14380801958038e-05,408.1426696777344,400.8108825683594,415.5271301269531,403.4482421875,397.2657165527344,409.7902526855469,15.428600311279297
11069034,4.797213755860439e-05,184.50149536132812,183.5416259765625,185.4059295654297,184.4715118408203,183.5397491455078,185.426025390625,15.86970043182373
11085850,4.7143310392142286e-05,464.7889404296875,409.9847106933594,524.0648803710938,449.0733947753906,422.96051025390625,478.2578125,14.76550006866455
11091336,7.708047764802594e-05,397.8988952636719,384.9219665527344,411.6448059082031,395.6160888671875,383.65533447265625,406.5816955566406,15.924599647521973
11092783,1.763148413059899e-05,699.8729248046875,658.7201538085938,748.20849609375,738.5612182617188,713.6992797851562,771.1608276367188,16.045400619506836
11124203,0.0001306044399640477,179.67547607421875,165.322265625,201.50657653808594,164.0048828125,152.70245361328125,176.3419189453125,14.555000305175781
11137723,7.790587295575524e-05,112.5253677368164,112.31875610351562,112.76568603515625,112.56317138671875,112.31144714355469,112.81072235107422,15.10990047454834
11145556,0.00011328027588157441,332.37042236328125,329.4818115234375,335.8411865234375,331.9455871582031,329.078125,335.3360290527344,15.206100463867188
11145819,1.3101017617462003e-05,147.06790161132812,146.65261840820312,147.48126220703125,147.2709197998047,146.91448974609375,147.63650512695312,14.494799613952637
11147271,0.00013513342214224844,134.79818725585938,134.3766326904297,135.2339630126953,134.79086303710938,134.31539916992188,135.3144989013672,15.303600311279297
11196417,8.907511928399427e-05,225.13922119140625,223.6322021484375,226.54212951660156,225.0015411376953,223.44772338867188,226.16534423828125,15.06659984588623
11198419,9.642710244369873e-06,402.86334228515625,398.25860595703125,408.29901123046875,402.6643981933594,398.17041015625,406.7173767089844,15.800100326538086
11242724,7.738768455124523e-05,87.09293365478516,85.15220642089844,89.05599212646484,88.50053405761719,86.11746215820312,90.58219146728516,15.594599723815918
11244150,0.0001019487168003684,223.61465454101562,222.54310607910156,224.80413818359375,223.76754760742188,222.93502807617188,224.69509887695312,14.91819953918457
11251458,7.85056644909566e-05,347.2877197265625,344.2983093261719,350.16180419921875,346.7774658203125,344.6166076660156,349.8580322265625,15.666000366210938
11343461,5.436737921349419e-05,278.4344787597656,276.1850280761719,280.7534484863281,277.7596740722656,275.5459289550781,280.6252136230469,16.03420066833496
11350063,0.0002342820579369553,287.5250549316406,285.4516906738281,289.650390625,287.8969421386719,285.521484375,290.5361633300781,15.864399909973145
11395206,6.806592983820813e-05,111.96880340576172,111.53423309326172,112.39520263671875,112.01936340332031,111.59330749511719,112.42255401611328,13.62559986114502
11408748,0.00022172778632330572,368.0182189941406,364.9522399902344,370.6186218261719,367.4448547363281,364.5110778808594,370.0655517578125,15.138899803161621
11446073,4.104835306957706e-05,429.6023254394531,424.9156799316406,434.9411926269531,427.614013671875,422.94677734375,431.42742919921875,15.566399574279785
11468094,0.0002413133543410945,244.62161254882812,240.39163208007812,249.4100799560547,nan,nan,nan,16.981700897216797
11493667,0.00016405034891391415,383.9814453125,379.9527893066406,388.0748291015625,385.53802490234375,381.5757141113281,388.7494201660156,15.474599838256836
11498106,2.1526609716958122e-05,311.6220703125,287.53033447265625,344.8391418457031,278.0834655761719,263.5904235839844,292.0287170410156,15.212499618530273
11512270,0.00011004192168257238,235.99969482421875,234.81724548339844,237.27420043945312,236.2601318359375,235.17208862304688,237.904052734375,15.381400108337402
11514272,2.195711783081521e-05,288.4600830078125,286.1937561035156,290.426513671875,288.88043212890625,286.6483154296875,291.2963562011719,15.833100318908691
11515276,1.7556266466463562e-05,325.58099365234375,323.2651062011719,328.35845947265625,326.2772216796875,322.9273986816406,328.74072265625,15.967100143432617
11521274,5.143435121313317e-05,167.23635864257812,166.28778076171875,168.30258178710938,166.26211547851562,165.7455291748047,166.98316955566406,14.420900344848633
11550428,0.00014775639313811516,184.84539794921875,183.75469970703125,185.75674438476562,184.9202117919922,183.92922973632812,185.95523071289062,14.846799850463867
11555805,5.483169037846579e-05,276.2303466796875,274.8583679199219,277.65277099609375,276.44378662109375,275.18682861328125,277.91534423828125,14.98900032043457
11655859,5.818486031718906e-05,269.5920715332031,268.0924072265625,271.5433654785156,269.420654296875,267.88775634765625,270.8829345703125,15.086799621582031
11656398,0.00021384485107337717,112.15811157226562,111.94087982177734,112.3671646118164,112.16248321533203,111.888427734375,112.39273071289062,13.55270004272461
11672056,0.00027280208211556055,88.50064849853516,88.41248321533203,88.58618927001953,88.50098419189453,88.41249084472656,88.580078125,13.531900405883789
11702167,0.00010170952289952011,153.80519104003906,153.3675537109375,154.2689666748047,153.8922119140625,153.4493408203125,154.34754943847656,15.076800346374512
11703456,0.0001446717560146543,438.8320617675781,433.8534851074219,443.2765197753906,438.947509765625,432.7204284667969,444.377197265625,15.158100128173828
11755098,5.312690964546495e-05,335.6755065917969,330.7528381347656,340.1985778808594,333.54376220703125,328.7680358886719,338.7656555175781,16.57080078125
11760021,5.146470992876211e-05,238.17330932617188,236.5870819091797,239.55128479003906,238.41482543945312,236.68984985351562,240.41888427734375,15.800200462341309
11764055,7.711791255913123e-05,227.5663604736328,226.4470977783203,228.78125,227.5396270751953,226.4570770263672,228.78501892089844,15.397899627685547
11774350,0.00017519717008630388,213.86488342285156,209.27658081054688,219.98019409179688,212.08868408203125,208.30738830566406,216.02694702148438,15.596799850463867
11808734,6.11644211917923e-05,212.82720947265625,211.90614318847656,213.59140014648438,212.85757446289062,211.89932250976562,213.7138214111328,15.221799850463867
11820505,0.00018238051466846388,258.4516296386719,243.90696716308594,274.44183349609375,254.10350036621094,241.15855407714844,265.83526611328125,15.576399803161621
11820708,0.00017817769831911907,264.7737731933594,259.856201171875,271.1491394042969,nan,nan,nan,17.151899337768555
11855334,0.0001631464362994073,187.10646057128906,185.95216369628906,188.14735412597656,186.98599243164062,185.91285705566406,187.9920196533203,15.749199867248535
11855853,4.6599693861867856e-05,215.54025268554688,213.2761688232422,217.85968017578125,216.11048889160156,213.90838623046875,218.6344757080078,16.87579917907715
11869690,6.732546578071876e-05,148.45265197753906,148.15000915527344,148.71209716796875,148.48448181152344,148.22598266601562,148.76873779296875,14.10789966583252
11870769,7.631016332076123e-05,306.3260192871094,304.4341125488281,308.99639892578125,305.216796875,303.0350646972656,307.6986389160156,15.807100296020508
11912947,2.191196804963345e-05,269.75775146484375,268.1806640625,271.30517578125,269.50653076171875,267.9111633300781,271.2418518066406,15.589500427246094
11955208,5.4913105398912845e-05,388.952880859375,366.8238220214844,422.396240234375,420.93310546875,393.8720397949219,449.18243408203125,15.682000160217285
11961075,3.828098768054577e-05,273.5897521972656,271.4513244628906,275.4129333496094,273.57861328125,271.5031433105469,275.4482116699219,14.925600051879883
12004872,9.979914746110477e-06,152.29403686523438,149.0323028564453,155.889404296875,144.1446075439453,142.15882873535156,149.52247619628906,14.177499771118164
12007544,0.0002358088730114412,342.0534362792969,339.58929443359375,345.11700439453125,342.8807067871094,340.26934814453125,345.3188171386719,15.677900314331055
12022407,4.2405196179922464e-05,525.7806396484375,515.3535766601562,538.1376953125,521.8792114257812,511.64593505859375,533.6480712890625,16.66830062866211
12060710,0.0001203756179528134,142.05816650390625,139.80442810058594,144.23008728027344,141.50787353515625,139.29249572753906,143.67242431640625,14.48740005493164
12071873,8.82585695726355e-05,225.6832275390625,223.96920776367188,227.600341796875,225.51841735839844,222.7566680908203,227.80313110351562,15.537099838256836
12072637,6.264202869284599e-05,196.8036651611328,195.83477783203125,197.72470092773438,196.96624755859375,195.9296875,198.1297149658203,15.885899543762207
12105694,2.3890600820822595e-05,463.7637634277344,458.41705322265625,469.3841247558594,449.85552978515625,447.0324401855469,451.3779602050781,15.778800010681152
12105867,6.56899043349709e-05,259.1930847167969,257.13677978515625,260.873046875,259.0665588378906,257.09771728515625,260.9953308105469,15.992899894714355
12158722,5.0556682222879665e-05,463.69525146484375,454.947509765625,471.243896484375,461.75274658203125,456.6788024902344,470.92608642578125,15.776800155639648
12203082,5.0931681633614045e-05,364.9340515136719,360.685546875,368.2454833984375,364.25390625,361.106689453125,367.69769287109375,15.242799758911133
12207432,9.956346512176178e-05,267.3808898925781,266.0494689941406,269.02801513671875,266.9566650390625,265.587158203125,268.70611572265625,15.424300193786621
12257338,0.00023516436295017312,320.32440185546875,317.5758056640625,323.34222412109375,320.0882873535156,317.2458190917969,322.4969177246094,15.735300064086914
12258225,1.3279337853672762e-05,232.48841857910156,230.9420928955078,233.94508361816406,232.6852569580078,231.44679260253906,233.93223571777344,14.863100051879883
12302530,3.2628662006701167e-05,290.275390625,288.80975341796875,291.44830322265625,290.2091979980469,288.9988098144531,291.357666015625,14.22700023651123
12304013,8.409142683882023e-05,220.07281494140625,213.9285125732422,225.79327392578125,217.27149963378906,212.46763610839844,223.3523712158203,15.2391996383667
12314646,5.572703909413912e-05,202.2153778076172,201.19290161132812,203.15550231933594,202.0760040283203,200.90240478515625,203.2090606689453,14.14840030670166
12356051,4.7541531608273716e-05,158.1006317138672,157.60670471191406,158.65109252929688,158.140380859375,157.66781616210938,158.73513793945312,15.394499778747559
12356489,7.743840999406215e-05,363.8944396972656,336.4932556152344,386.9269714355469,329.8569641113281,313.4192199707031,346.61724853515625,15.278599739074707
12365719,0.0001128967218107076,346.359375,343.1578063964844,349.3406066894531,343.67254638671875,340.8712463378906,345.5431213378906,15.830900192260742
12456781,1.5344807529917244e-05,388.96710205078125,383.561767578125,395.0473327636719,387.63555908203125,381.64312744140625,394.69757080078125,15.549599647521973
12505054,2.319430462246169e-05,94.15116119384766,94.02159118652344,94.26140594482422,94.2270278930664,94.13211822509766,94.32880401611328,14.118200302124023
12599416,4.5098568918131376e-05,237.5692901611328,236.18255615234375,239.29544067382812,237.7487335205078,236.02572631835938,239.1185760498047,15.639300346374512
12688403,0.0002555729967688671,110.30230712890625,109.46827697753906,111.10064697265625,110.3542709350586,109.67118072509766,111.06917572021484,15.645899772644043
12689927,0.00019608099143079817,172.53448486328125,168.39901733398438,176.7698516845703,171.027587890625,167.31268310546875,174.6034393310547,14.493900299072266
12835232,2.1573520717238667e-05,342.815185546875,340.60101318359375,344.8358459472656,342.64434814453125,340.75732421875,344.92633056640625,15.173600196838379
